fromAccount,toAccount,amount,status
UserA,UserB,100.0,ON_HOLD
UserC,UserD,150.5,COMPLETED
UserE,UserF,250.0,FLAGGED
UserG,UserH,175.25,ON_HOLD
UserI,UserJ,90.0,BLOCKED
UserK,UserL,300.0,CANCELLED
UserM,UserN,80.75,ON_HOLD
UserO,UserP,110.5,COMPLETED
UserQ,UserR,95.0,FLAGGED
UserS,UserT,210.0,ON_HOLD
UserU,UserV,120.75,COMPLETED
UserW,UserX,300.0,FLAGGED
UserY,UserZ,275.5,ON_HOLD
UserAA,UserBB,50.0,BLOCKED
UserCC,UserDD,400.25,ON_HOLD
UserEE,UserFF,135.75,COMPLETED
UserGG,UserHH,290.0,FLAGGED
UserII,UserJJ,180.0,ON_HOLD
UserKK,UserLL,200.5,BLOCKED
UserMM,UserNN,95.75,COMPLETED
UserOO,UserPP,60.0,ON_HOLD
UserQQ,UserRR,90.25,FLAGGED
UserSS,UserTT,150.0,ON_HOLD
UserUU,UserVV,275.5,CANCELLED
UserWW,UserXX,80.0,FLAGGED
UserYY,UserZZ,110.5,ON_HOLD
UserAAA,UserBBB,50.0,COMPLETED
UserCCC,UserDDD,305.75,BLOCKED
UserEEE,UserFFF,195.5,ON_HOLD
UserGGG,UserHHH,135.0,CANCELLED
